<?xml version="1.0" encoding="utf-8"?>
<extension version="3.1" type="plugin" group="editors-xtd" method="upgrade">
	<name>plg_editors-xtd_backtotop</name>
	<author>Nepoh</author>
	<creationDate>10/2015</creationDate>
	<copyright>Copyright (C) 2005 - 2015 Open Source Matters. All rights reserved.</copyright>
	<license>GNU General Public License version 2 or later; see LICENSE.txt</license>
	<authorEmail>nepoh@outlook.de</authorEmail>
	<authorUrl>https://www.github.com/nepoh</authorUrl>
	<version>1.0</version>
	<description>PLG_EDITORS-XTD_BACKTOTOP_XML_DESCRIPTION</description>
	<files>
		<filename plugin="backtotop">backtotop.php</filename>
		<filename>index.html</filename>
		<folder>language</folder>
	</files>
</extension>
